"id","employee_id","role","title","is_active","joined_on","created_at","updated_at","department_id","manager_id","user_id"
479,"3SC1687","employee","SDE2",True,NULL,"2026-04-13 10:54:34.982467+00","2026-04-13 11:15:04.88349+00",1,841,479
480,"PMC335","employee","MIS Executive",True,NULL,"2026-04-13 10:54:35.14859+00","2026-04-13 11:15:04.892341+00",2,714,480
481,"3SC1805","employee","SDE1",True,NULL,"2026-04-13 10:54:35.318076+00","2026-04-13 11:15:04.898495+00",1,534,481
482,"PMC474","employee","Executive",True,NULL,"2026-04-13 10:54:35.478781+00","2026-04-13 11:15:04.906766+00",2,827,482
483,"PMC503","employee","Executive",True,NULL,"2026-04-13 10:54:35.684386+00","2026-04-13 11:15:04.914884+00",3,570,483
484,"PMC293","employee","Team Leader",True,NULL,"2026-04-13 10:54:35.845156+00","2026-04-13 11:15:04.919269+00",2,688,484
485,"3SC1485","employee","Senior Executive",True,NULL,"2026-04-13 10:54:36.001305+00","2026-04-13 11:15:04.924206+00",3,780,485
486,"3SC1107","employee","Assistant Manager",True,NULL,"2026-04-13 10:54:36.178229+00","2026-04-13 11:15:04.942789+00",2,836,486
487,"3SC256","manager","Deputy General Manager",True,NULL,"2026-04-13 10:54:36.375501+00","2026-04-13 11:15:04.949793+00",4,524,487
488,"PMC448","employee","Executive",True,NULL,"2026-04-13 10:54:36.530863+00","2026-04-13 11:15:04.956045+00",2,595,488
489,"3SC1327","manager","Vice President",True,NULL,"2026-04-13 10:54:36.68604+00","2026-04-13 11:15:04.962258+00",1,702,489
490,"3SC1540","employee","SDE1",True,NULL,"2026-04-13 10:54:36.85669+00","2026-04-13 11:15:04.968135+00",1,841,490
491,"3SC1620","employee","Assistant Manager",True,NULL,"2026-04-13 10:54:37.052736+00","2026-04-13 11:15:04.972096+00",5,637,491
492,"3SC1796","employee","SDE1",True,NULL,"2026-04-13 10:54:37.207641+00","2026-04-13 11:15:04.976648+00",1,887,492
493,"3SC1763","employee","Executive",True,NULL,"2026-04-13 10:54:37.371529+00","2026-04-13 11:15:04.981884+00",5,637,493
494,"3SC1691","employee","SDE1",True,NULL,"2026-04-13 10:54:37.531132+00","2026-04-13 11:15:04.98559+00",1,887,494
495,"3SC1373","manager","Manager",True,NULL,"2026-04-13 10:54:37.691179+00","2026-04-13 11:15:04.989404+00",2,510,495
496,"3SC1199","employee","SDE1",True,NULL,"2026-04-13 10:54:37.849678+00","2026-04-13 11:15:04.995353+00",1,887,496
497,"3SC1768","employee","Senior Executive",True,NULL,"2026-04-13 10:54:38.010693+00","2026-04-13 11:15:05.000177+00",3,499,497
498,"3SC1422","employee","Executive",True,NULL,"2026-04-13 10:54:38.168206+00","2026-04-13 11:15:05.00435+00",3,561,498
499,"3SC831","manager","Manager",True,NULL,"2026-04-13 10:54:38.319457+00","2026-04-13 11:15:05.008383+00",3,487,499
500,"3SC1207","employee","SDE1",True,NULL,"2026-04-13 10:54:38.473342+00","2026-04-13 11:15:05.012711+00",1,841,500
501,"3SC1495","employee","SDET2",True,NULL,"2026-04-13 10:54:38.648206+00","2026-04-13 11:15:05.017113+00",1,534,501
502,"3SC1689","employee","Senior Executive",True,NULL,"2026-04-13 10:54:38.814825+00","2026-04-13 11:15:05.022624+00",3,499,502
503,"3SC1553","employee","Data Scientist",True,NULL,"2026-04-13 10:54:38.977667+00","2026-04-13 11:15:05.027327+00",6,531,503
504,"3SC1547","employee","SDE2",True,NULL,"2026-04-13 10:54:39.137681+00","2026-04-13 11:15:05.03514+00",1,534,504
505,"3SC1057","manager","Senior Manager",True,NULL,"2026-04-13 10:54:39.294867+00","2026-04-13 11:15:05.038997+00",6,798,505
506,"3SC1791","employee","Data Analyst",True,NULL,"2026-04-13 10:54:39.448161+00","2026-04-13 11:15:05.044591+00",7,571,506
507,"3SC1836","employee","Senior Consultant",True,NULL,"2026-04-13 10:54:39.612175+00","2026-04-13 11:15:05.050594+00",8,863,507
508,"3SC1443","employee","SDET1",True,NULL,"2026-04-13 10:54:39.768767+00","2026-04-13 11:15:05.060307+00",1,841,508
509,"3SC1722","employee","Senior Executive",True,NULL,"2026-04-13 10:54:39.927897+00","2026-04-13 11:15:05.170484+00",3,572,509
510,"3SCCT026","manager","Consultant",True,NULL,"2026-04-13 10:54:40.08894+00","2026-04-13 11:15:05.196994+00",2,524,510
511,"PMC400","employee","Executive",True,NULL,"2026-04-13 10:54:40.246082+00","2026-04-13 11:15:05.207146+00",2,766,511
512,"3SC895","employee","Executive",True,NULL,"2026-04-13 10:54:40.403344+00","2026-04-13 11:15:05.21254+00",3,561,512
513,"PMC435","employee","Executive",True,NULL,"2026-04-13 10:54:40.565728+00","2026-04-13 11:15:05.216784+00",2,822,513
514,"3SC1206","employee","SDE2",True,NULL,"2026-04-13 10:54:40.723515+00","2026-04-13 11:15:05.221476+00",1,534,514
515,"3SC1720","employee","Deputy General Manager",True,NULL,"2026-04-13 10:54:40.879714+00","2026-04-13 11:15:05.226053+00",7,611,515
516,"PMC438","employee","Executive",True,NULL,"2026-04-13 10:54:41.037191+00","2026-04-13 11:15:05.230111+00",2,809,516
517,"PMC469","employee","Executive",True,NULL,"2026-04-13 10:54:41.197881+00","2026-04-13 11:15:05.236937+00",3,570,517
518,"3SC1764","employee","Technical Writer",True,NULL,"2026-04-13 10:54:41.355307+00","2026-04-13 11:15:05.241992+00",9,549,518
519,"3SC1554","employee","Senior Technical Writer",True,NULL,"2026-04-13 10:54:41.51043+00","2026-04-13 11:15:05.246714+00",9,578,519
520,"PMC350","manager","Assistant Manager",True,NULL,"2026-04-13 10:54:41.747569+00","2026-04-13 11:15:05.250652+00",2,943,520
521,"3SC1463","employee","SDE3",True,NULL,"2026-04-13 10:54:41.981411+00","2026-04-13 11:15:05.255349+00",1,887,521
522,"3SC1774","employee","Assistant Manager",True,NULL,"2026-04-13 10:54:42.138834+00","2026-04-13 11:15:05.260747+00",10,653,522
523,"3SC1729","employee","Associate Business Analyst",True,NULL,"2026-04-13 10:54:42.297481+00","2026-04-13 11:15:05.26574+00",8,641,523
524,"3SC1771","manager","Vice President",True,NULL,"2026-04-13 10:54:42.454591+00","2026-04-13 11:15:05.269886+00",11,842,524
525,"PMC200","employee","Office Boy",True,NULL,"2026-04-13 10:54:42.614913+00","2026-04-13 11:15:05.275545+00",12,553,525
526,"3SC1559","employee","Lead Data Scientist- Operations Research",True,NULL,"2026-04-13 10:54:42.775089+00","2026-04-13 11:15:05.279731+00",6,798,526
527,"3SC1728","employee","Associate Business Analyst",True,NULL,"2026-04-13 10:54:42.93397+00","2026-04-13 11:15:05.285813+00",9,NULL,527
528,"3SC1733","employee","Associate Business Analyst",True,NULL,"2026-04-13 10:54:43.103116+00","2026-04-13 11:15:05.292099+00",9,578,528
529,"3SC1797","employee","Associate Data Scientist",True,NULL,"2026-04-13 10:54:43.264952+00","2026-04-13 11:15:05.297192+00",6,531,529
530,"PMC114","employee","MIS Executive",True,NULL,"2026-04-13 10:54:43.417945+00","2026-04-13 11:15:05.304091+00",2,688,530
531,"3SC1460","manager","Senior Engineering Manager",True,NULL,"2026-04-13 10:54:43.576499+00","2026-04-13 11:15:05.312788+00",6,798,531
532,"3SC1445","employee","SDE2",True,NULL,"2026-04-13 10:54:43.742494+00","2026-04-13 11:15:05.319272+00",1,841,532
533,"PMC371","employee","Executive",True,NULL,"2026-04-13 10:54:44.074712+00","2026-04-13 11:15:05.326634+00",12,674,533
534,"3SC839","manager","Engineering Manager",True,NULL,"2026-04-13 10:54:44.329219+00","2026-04-13 11:15:05.337665+00",1,489,534
535,"3SC1732","employee","Associate Business Analyst",True,NULL,"2026-04-13 10:54:44.49783+00","2026-04-13 11:15:05.349922+00",9,NULL,535
536,"3SC991","employee","Manager",True,NULL,"2026-04-13 10:54:44.657819+00","2026-04-13 11:15:05.358306+00",13,773,536
537,"3SCI117","employee","Intern",True,NULL,"2026-04-13 10:54:44.81423+00","2026-04-13 11:15:05.362714+00",14,762,537
538,"PMC463","employee","Executive",True,NULL,"2026-04-13 10:54:45.019999+00","2026-04-13 11:15:05.367052+00",2,946,538
539,"3SC1653","employee","Associate Business Analyst",True,NULL,"2026-04-13 10:54:45.182665+00","2026-04-13 11:15:05.372416+00",4,570,539
540,"3SC1708","employee","SDE1",True,NULL,"2026-04-13 10:54:45.344251+00","2026-04-13 11:15:05.376462+00",1,887,540
541,"3SC1415","employee","Senior Executive",True,NULL,"2026-04-13 10:54:45.498751+00","2026-04-13 11:15:05.380619+00",13,731,541
542,"PMC471","employee","Executive",True,NULL,"2026-04-13 10:54:45.658238+00","2026-04-13 11:15:05.3842+00",2,685,542
543,"3SC1718","employee","Senior Executive",True,NULL,"2026-04-13 10:54:45.813171+00","2026-04-13 11:15:05.391217+00",3,572,543
544,"3SC1851","employee","Executive",True,NULL,"2026-04-13 10:54:45.970113+00","2026-04-13 11:15:05.395657+00",3,499,544
545,"3SC1627","employee","SDE1",True,NULL,"2026-04-13 10:54:46.12757+00","2026-04-13 11:15:05.399217+00",1,534,545
546,"3SC1451","employee","Assistant Manager",True,NULL,"2026-04-13 10:54:46.284717+00","2026-04-13 11:15:05.406315+00",15,880,546
547,"3SC1811","employee","SDE1",True,NULL,"2026-04-13 10:54:46.655189+00","2026-04-13 11:15:05.410601+00",1,534,547
548,"3SC1362","employee","Principal Product Manager",True,NULL,"2026-04-13 10:54:47.077067+00","2026-04-13 11:15:05.414393+00",16,702,548
549,"3SC1376","manager","Director",True,NULL,"2026-04-13 10:54:47.459546+00","2026-04-13 11:15:05.421384+00",16,702,549
550,"3SC1748","employee","SDE1",True,NULL,"2026-04-13 10:54:47.64966+00","2026-04-13 11:15:05.429891+00",6,798,550
551,"3SC1854","employee","Manager",True,NULL,"2026-04-13 10:54:47.839724+00","2026-04-13 11:15:05.435833+00",3,487,551
552,"PMC380","employee","Executive",True,NULL,"2026-04-13 10:54:48.062518+00","2026-04-13 11:15:05.441102+00",2,801,552
553,"3SC1746","manager","Assistant Manager",True,NULL,"2026-04-13 10:54:48.342737+00","2026-04-13 11:15:05.457686+00",12,706,553
554,"PMC046","employee","Senior Executive",True,NULL,"2026-04-13 10:54:48.52374+00","2026-04-13 11:15:05.463221+00",2,801,554
555,"PMC124","employee","Office Boy",True,NULL,"2026-04-13 10:54:48.681272+00","2026-04-13 11:15:05.468582+00",12,553,555
556,"PMC454","employee","Executive",True,NULL,"2026-04-13 10:54:48.835023+00","2026-04-13 11:15:05.474722+00",2,912,556
557,"3SCINTC001","employee","Consultant",True,NULL,"2026-04-13 10:54:49.020456+00","2026-04-13 11:15:05.478832+00",16,702,557
558,"3SC1583","manager","Associate Director",True,NULL,"2026-04-13 10:54:49.184001+00","2026-04-13 11:15:05.484262+00",17,611,558
559,"PMC502","employee","Executive",True,NULL,"2026-04-13 10:54:49.347491+00","2026-04-13 11:15:05.491471+00",2,827,559
560,"PMC092","employee","Senior Executive",True,NULL,"2026-04-13 10:54:49.505302+00","2026-04-13 11:15:05.497442+00",2,956,560
561,"3SC929","manager","Manager",True,NULL,"2026-04-13 10:54:49.665452+00","2026-04-13 11:15:05.504083+00",3,487,561
562,"PMC306","employee","MIS Executive",True,NULL,"2026-04-13 10:54:50.018895+00","2026-04-13 11:15:05.509453+00",2,688,562
563,"3SC1767","manager","General Manager",True,NULL,"2026-04-13 10:54:50.208135+00","2026-04-13 11:15:05.514473+00",2,510,563
564,"PMC428","employee","Executive",True,NULL,"2026-04-13 10:54:50.367658+00","2026-04-13 11:15:05.521022+00",2,688,564
565,"3SC1740","employee","Executive",True,NULL,"2026-04-13 10:54:50.524333+00","2026-04-13 11:15:05.526269+00",3,572,565
566,"3SC1760","employee","Associate Data Scientist",True,NULL,"2026-04-13 10:54:50.69835+00","2026-04-13 11:15:05.530249+00",6,531,566
567,"3SC1640","employee","Data Analyst",True,NULL,"2026-04-13 10:54:51.012301+00","2026-04-13 11:15:05.537961+00",8,720,567
568,"PMC105","employee","SAP Operator",True,NULL,"2026-04-13 10:54:51.354205+00","2026-04-13 11:15:05.547604+00",2,859,568
569,"PMC488","employee","Senior Executive",True,NULL,"2026-04-13 10:54:51.532743+00","2026-04-13 11:15:05.563428+00",2,912,569
570,"3SC1048","manager","Senior Manager",True,NULL,"2026-04-13 10:54:51.712625+00","2026-04-13 11:15:05.589572+00",3,524,570
571,"3SC1703","manager","General Manager",True,NULL,"2026-04-13 10:54:51.880731+00","2026-04-13 11:15:05.60807+00",7,611,571
572,"3SC1785","manager","Manager",True,NULL,"2026-04-13 10:54:52.036157+00","2026-04-13 11:15:05.631254+00",3,487,572
573,"PMC159","employee","Executive",True,NULL,"2026-04-13 10:54:52.193231+00","2026-04-13 11:15:05.647261+00",2,600,573
574,"PMC242","employee","Supervisor",True,NULL,"2026-04-13 10:54:52.350833+00","2026-04-13 11:15:05.657547+00",2,809,574
575,"3SC1065","manager","Manager",True,NULL,"2026-04-13 10:54:52.510954+00","2026-04-13 11:15:05.677175+00",2,510,575
576,"3SC1447","employee","SDE3",True,NULL,"2026-04-13 10:54:52.664857+00","2026-04-13 11:15:05.691259+00",1,887,576
577,"3SC1301","employee","Product Designer",True,NULL,"2026-04-13 10:54:52.828016+00","2026-04-13 11:15:05.721911+00",9,832,577
578,"3SC1506","manager","Product Manager",True,NULL,"2026-04-13 10:54:52.981856+00","2026-04-13 11:15:05.786995+00",9,489,578
579,"PMC408","employee","Executive",True,NULL,"2026-04-13 10:54:53.136449+00","2026-04-13 11:15:05.840048+00",2,644,579
580,"3SC1552","employee","SDE1",True,NULL,"2026-04-13 10:54:53.295978+00","2026-04-13 11:15:05.866592+00",6,531,580
581,"3SCI113","employee","Trainee",True,NULL,"2026-04-13 10:54:53.448575+00","2026-04-13 11:15:05.881119+00",13,619,581
582,"3SC1758","manager","Lead",True,NULL,"2026-04-13 10:54:53.606788+00","2026-04-13 11:15:05.895622+00",18,489,582
583,"3SC1681","employee","Business Analyst",True,NULL,"2026-04-13 10:54:53.762102+00","2026-04-13 11:15:05.924803+00",3,487,583
584,"PMC457","employee","Senior Executive",True,NULL,"2026-04-13 10:54:53.930756+00","2026-04-13 11:15:05.945698+00",2,520,584
585,"3SC1266","employee","Senior Executive",True,NULL,"2026-04-13 10:54:54.107353+00","2026-04-13 11:15:05.977061+00",13,731,585
586,"3SC1806","employee","Senior Consultant",True,NULL,"2026-04-13 10:54:54.280496+00","2026-04-13 11:15:06.002878+00",7,571,586
587,"3SC1739","employee","Senior Consultant",True,NULL,"2026-04-13 10:54:54.471818+00","2026-04-13 11:15:06.02332+00",17,611,587
588,"3SC1798","employee","Assistant Manager",True,NULL,"2026-04-13 10:54:54.628677+00","2026-04-13 11:15:06.040139+00",19,510,588
589,"3SC931","employee","Senior Executive",True,NULL,"2026-04-13 10:54:54.787256+00","2026-04-13 11:15:06.056485+00",3,817,589
590,"PMC363","employee","Senior Executive",True,NULL,"2026-04-13 10:54:54.949678+00","2026-04-13 11:15:06.067584+00",2,822,590
591,"3SC1701","employee","Executive",True,NULL,"2026-04-13 10:54:55.102327+00","2026-04-13 11:15:06.077069+00",3,499,591
592,"PMC314","employee","Supervisor",True,NULL,"2026-04-13 10:54:55.260371+00","2026-04-13 11:15:06.086933+00",2,912,592
593,"PMC447","employee","Executive",True,NULL,"2026-04-13 10:54:55.417608+00","2026-04-13 11:15:06.098901+00",3,570,593
594,"PMC472","employee","Executive",True,NULL,"2026-04-13 10:54:55.57351+00","2026-04-13 11:15:06.108321+00",2,595,594
595,"PMC450","manager","Senior Executive",True,NULL,"2026-04-13 10:54:55.730188+00","2026-04-13 11:15:06.120045+00",2,788,595
596,"3SC1846","employee","Executive",True,NULL,"2026-04-13 10:54:55.884789+00","2026-04-13 11:15:06.132563+00",3,572,596
597,"3SC1725","employee","Associate Business Analyst",True,NULL,"2026-04-13 10:54:56.041077+00","2026-04-13 11:15:06.146119+00",17,558,597
598,"3SC1284","employee","Senior Data Scientist",True,NULL,"2026-04-13 10:54:56.199312+00","2026-04-13 11:15:06.159118+00",6,505,598
599,"PMC234","employee","Supervisor",True,NULL,"2026-04-13 10:54:56.355902+00","2026-04-13 11:15:06.168604+00",2,809,599
600,"3SC1361","manager","Manager",True,NULL,"2026-04-13 10:54:56.512619+00","2026-04-13 11:15:06.177817+00",2,510,600
601,"PMC500","employee","Executive",True,NULL,"2026-04-13 10:54:56.67043+00","2026-04-13 11:15:06.187637+00",2,575,601
602,"3SC1698","employee","Senior Manager",True,NULL,"2026-04-13 10:54:56.836744+00","2026-04-13 11:15:06.197646+00",20,524,602
603,"3SCI118","employee","Intern",True,NULL,"2026-04-13 10:54:56.996881+00","2026-04-13 11:15:06.207752+00",18,582,603
604,"3SC1847","employee","Executive",True,NULL,"2026-04-13 10:54:57.150839+00","2026-04-13 11:15:06.22016+00",3,629,604
605,"3SC1083","employee","Assistant Manager",True,NULL,"2026-04-13 10:54:57.306486+00","2026-04-13 11:15:06.231437+00",13,640,605
606,"3SC1697","employee","Executive",True,NULL,"2026-04-13 10:54:57.529524+00","2026-04-13 11:15:06.240068+00",3,499,606
607,"3SC1499","employee","Assistant Manager",True,NULL,"2026-04-13 10:54:57.707252+00","2026-04-13 11:15:06.250821+00",17,611,607
608,"3SC1686","employee","Senior Consultant",True,NULL,"2026-04-13 10:54:57.892171+00","2026-04-13 11:15:06.261334+00",7,571,608
609,"3SC1694","employee","SDE1",True,NULL,"2026-04-13 10:54:58.074035+00","2026-04-13 11:15:06.271942+00",1,887,609
610,"PMC240","employee","Supervisor",True,NULL,"2026-04-13 10:54:58.257766+00","2026-04-13 11:15:06.283814+00",2,809,610
611,"3SC372","manager","Vice President",True,NULL,"2026-04-13 10:54:58.471707+00","2026-04-13 11:15:06.293536+00",16,702,611
612,"3SC1404","employee","Senior Data Scientist",True,NULL,"2026-04-13 10:54:58.673956+00","2026-04-13 11:15:06.304434+00",6,531,612
613,"PMC370","employee","Executive",True,NULL,"2026-04-13 10:54:58.939095+00","2026-04-13 11:15:06.317772+00",2,859,613
614,"3SC1838","employee","Senior Executive",True,NULL,"2026-04-13 10:54:59.227902+00","2026-04-13 11:15:06.33126+00",3,933,614
615,"PMC028","employee","Office Boy",True,NULL,"2026-04-13 10:54:59.392396+00","2026-04-13 11:15:06.343285+00",12,553,615
616,"3SC1793","employee","Senior Executive",True,NULL,"2026-04-13 10:54:59.546431+00","2026-04-13 11:15:06.354418+00",3,572,616
617,"PMC241","employee","Supervisor",True,NULL,"2026-04-13 10:54:59.709775+00","2026-04-13 11:15:06.36576+00",2,809,617
618,"3SC1747","employee","SDE1",True,NULL,"2026-04-13 10:54:59.866946+00","2026-04-13 11:15:06.378037+00",1,656,618
619,"3SC1675","manager","Manager",True,NULL,"2026-04-13 10:55:00.029276+00","2026-04-13 11:15:06.388267+00",13,807,619
620,"3SC1101","employee","Assistant Manager",True,NULL,"2026-04-13 10:55:00.191397+00","2026-04-13 11:15:06.398428+00",3,499,620
621,"3SC1426","employee","Manager",True,NULL,"2026-04-13 10:55:00.348268+00","2026-04-13 11:15:06.407546+00",4,563,621
622,"3SC1635","employee","Senior Executive",True,NULL,"2026-04-13 10:55:00.509924+00","2026-04-13 11:15:06.416774+00",13,899,622
623,"3SC1731","employee","Associate Business Analyst",True,NULL,"2026-04-13 10:55:00.6754+00","2026-04-13 11:15:06.425751+00",9,NULL,623
624,"3SC1749","employee","Senior Executive",True,NULL,"2026-04-13 10:55:00.836527+00","2026-04-13 11:15:06.432922+00",3,499,624
625,"3SC1502","employee","Senior Consultant",True,NULL,"2026-04-13 10:55:00.992328+00","2026-04-13 11:15:06.439472+00",17,611,625
626,"3SC1652","employee","Business Analyst",True,NULL,"2026-04-13 10:55:01.147754+00","2026-04-13 11:15:06.447398+00",9,NULL,626
627,"3SC1814","employee","Lead Consultant",True,NULL,"2026-04-13 10:55:01.304177+00","2026-04-13 11:15:06.454294+00",8,863,627
628,"PMC413","employee","Executive",True,NULL,"2026-04-13 10:55:01.461985+00","2026-04-13 11:15:06.463936+00",2,495,628
629,"3SC1455","manager","Senior Manager",True,NULL,"2026-04-13 10:55:01.617287+00","2026-04-13 11:15:06.476526+00",3,524,629
630,"3SC1565","employee","SDET1",True,NULL,"2026-04-13 10:55:01.775549+00","2026-04-13 11:15:06.485685+00",1,534,630
631,"3SC1778","employee","Senior Executive",True,NULL,"2026-04-13 10:55:01.936871+00","2026-04-13 11:15:06.495362+00",3,572,631
632,"3SC126","employee","Assistant Manager",True,NULL,"2026-04-13 10:55:02.093379+00","2026-04-13 11:15:06.506278+00",2,956,632
633,"3SC1650","employee","Senior Consultant",True,NULL,"2026-04-13 10:55:02.315524+00","2026-04-13 11:15:06.529668+00",3,487,633
634,"3SC1839","employee","Executive",True,NULL,"2026-04-13 10:55:02.489947+00","2026-04-13 11:15:06.549599+00",3,572,634
635,"PMC352","employee","Supervisor",True,NULL,"2026-04-13 10:55:02.64119+00","2026-04-13 11:15:06.576452+00",2,809,635
636,"3SC1726","employee","Associate Business Analyst",True,NULL,"2026-04-13 10:55:02.824062+00","2026-04-13 11:15:06.608541+00",16,832,636
637,"3SC1665","manager","Assistant Manager",True,NULL,"2026-04-13 10:55:02.984286+00","2026-04-13 11:15:06.624797+00",5,862,637
638,"PMC229","employee","Transport Coordinator",True,NULL,"2026-04-13 10:55:03.142624+00","2026-04-13 11:15:06.664706+00",2,836,638
639,"PMC036","employee","Executive",True,NULL,"2026-04-13 10:55:03.29675+00","2026-04-13 11:15:06.684567+00",2,788,639
640,"3SC992","manager","Manager",True,NULL,"2026-04-13 10:55:03.448674+00","2026-04-13 11:15:06.701641+00",13,773,640
641,"3SC1396","manager","Manager - Delivery & CS",True,NULL,"2026-04-13 10:55:03.640023+00","2026-04-13 11:15:06.714676+00",8,863,641
642,"PMC427","employee","Executive",True,NULL,"2026-04-13 10:55:03.823692+00","2026-04-13 11:15:06.725148+00",2,688,642
643,"3SC1573","employee","Assistant Manager",True,NULL,"2026-04-13 10:55:04.054221+00","2026-04-13 11:15:06.733281+00",21,718,643
644,"PMC078","manager","Senior Executive",True,NULL,"2026-04-13 10:55:04.227207+00","2026-04-13 11:15:06.742782+00",2,714,644
645,"3SC1326","employee","Senior Executive",True,NULL,"2026-04-13 10:55:04.383513+00","2026-04-13 11:15:06.751355+00",14,874,645
646,"3SC1155","employee","Senior Executive",True,NULL,"2026-04-13 10:55:04.539718+00","2026-04-13 11:15:06.763478+00",3,499,646
647,"PMC451","employee","Executive",True,NULL,"2026-04-13 10:55:04.695124+00","2026-04-13 11:15:06.771733+00",2,575,647
648,"PMC245","employee","Senior Executive",True,NULL,"2026-04-13 10:55:04.853131+00","2026-04-13 11:15:06.781615+00",2,809,648
649,"3SC1325","employee","Data Scientist",True,NULL,"2026-04-13 10:55:05.016951+00","2026-04-13 11:15:06.792441+00",6,531,649
650,"PMC495","employee","Executive",True,NULL,"2026-04-13 10:55:05.172027+00","2026-04-13 11:15:06.802295+00",2,711,650
651,"3SCI122","employee","Intern",True,NULL,"2026-04-13 10:55:05.328891+00","2026-04-13 11:15:06.817227+00",14,724,651
652,"3SC1801","employee","Executive",True,NULL,"2026-04-13 10:55:05.486516+00","2026-04-13 11:15:06.831599+00",3,817,652
653,"3SC1790","manager","Deputy Manager",True,NULL,"2026-04-13 10:55:05.641867+00","2026-04-13 11:15:06.844661+00",10,807,653
654,"PMC337","employee","Assistant Manager",True,NULL,"2026-04-13 10:55:05.793858+00","2026-04-13 11:15:06.857116+00",14,706,654
655,"PMC402","employee","Executive",True,NULL,"2026-04-13 10:55:05.952209+00","2026-04-13 11:15:06.870725+00",2,723,655
656,"3SC1421","manager","SDE3",True,NULL,"2026-04-13 10:55:06.10837+00","2026-04-13 11:15:06.882639+00",1,489,656
657,"3SC1714","employee","Business Analyst",True,NULL,"2026-04-13 10:55:06.263488+00","2026-04-13 11:15:06.893985+00",9,578,657
658,"3SC1849","employee","Executive",True,NULL,"2026-04-13 10:55:06.417949+00","2026-04-13 11:15:06.902179+00",3,499,658
659,"3SC1784","employee","Executive",True,NULL,"2026-04-13 10:55:06.573898+00","2026-04-13 11:15:06.910558+00",3,572,659
660,"PMC373","employee","Executive",True,NULL,"2026-04-13 10:55:06.873384+00","2026-04-13 11:15:06.918242+00",2,696,660
661,"PMC484","employee","Executive",True,NULL,"2026-04-13 10:55:07.30016+00","2026-04-13 11:15:06.929523+00",2,822,661
662,"3SC1842","employee","Assistant Manager",True,NULL,"2026-04-13 10:55:07.558623+00","2026-04-13 11:15:06.940652+00",3,487,662
663,"3SCIU012","employee","Intern",True,NULL,"2026-04-13 10:55:07.866127+00","2026-04-13 11:15:06.948613+00",10,653,663
664,"PMC442","employee","Senior Executive",True,NULL,"2026-04-13 10:55:08.053698+00","2026-04-13 11:15:06.956772+00",2,788,664
665,"PMC384","employee","Senior Executive",True,NULL,"2026-04-13 10:55:08.206434+00","2026-04-13 11:15:06.963708+00",3,933,665
666,"3SC1727","employee","Associate Business Analyst",True,NULL,"2026-04-13 10:55:08.361995+00","2026-04-13 11:15:06.972419+00",9,578,666
667,"3SC1133","manager","Manager",True,NULL,"2026-04-13 10:55:08.519051+00","2026-04-13 11:15:06.981113+00",2,510,667
668,"3SC1218","employee","Business Analyst",True,NULL,"2026-04-13 10:55:08.677327+00","2026-04-13 11:15:06.988862+00",1,841,668
669,"PMC493","employee","Executive",True,NULL,"2026-04-13 10:55:08.836284+00","2026-04-13 11:15:06.996849+00",2,827,669
670,"3SC1827","employee","Executive",True,NULL,"2026-04-13 10:55:08.993646+00","2026-04-13 11:15:07.004593+00",14,837,670
671,"PMC102","employee","Executive",True,NULL,"2026-04-13 10:55:09.149893+00","2026-04-13 11:15:07.011323+00",2,688,671
672,"3SC1755","employee","Assistant Manager",True,NULL,"2026-04-13 10:55:09.305983+00","2026-04-13 11:15:07.01821+00",2,943,672
673,"PMC397","employee","Executive",True,NULL,"2026-04-13 10:55:09.464681+00","2026-04-13 11:15:07.025436+00",2,799,673
674,"PMC013","manager","Senior Executive",True,NULL,"2026-04-13 10:55:09.622396+00","2026-04-13 11:15:07.032269+00",12,553,674
675,"3SC1833","employee","Executive",True,NULL,"2026-04-13 10:55:09.826881+00","2026-04-13 11:15:07.044175+00",3,572,675
676,"PMC404","employee","Executive",True,NULL,"2026-04-13 10:55:09.992675+00","2026-04-13 11:15:07.055315+00",12,674,676
677,"PMC481","employee","Executive",True,NULL,"2026-04-13 10:55:10.153802+00","2026-04-13 11:15:07.0619+00",2,575,677
678,"3SC1434","employee","SDE2",True,NULL,"2026-04-13 10:55:10.41693+00","2026-04-13 11:15:07.070987+00",1,656,678
679,"3SC1631","employee","Senior Executive",True,NULL,"2026-04-13 10:55:10.577065+00","2026-04-13 11:15:07.078434+00",2,575,679
680,"PMC109","employee","Driver",True,NULL,"2026-04-13 10:55:10.73763+00","2026-04-13 11:15:07.091397+00",12,553,680
681,"PMC449","employee","Executive",True,NULL,"2026-04-13 10:55:10.89717+00","2026-04-13 11:15:07.10448+00",3,570,681
682,"3SC1830","employee","Associate Data Scientist",True,NULL,"2026-04-13 10:55:11.062708+00","2026-04-13 11:15:07.114827+00",6,531,682
683,"PMC504","employee","Executive",True,NULL,"2026-04-13 10:55:11.216743+00","2026-04-13 11:15:07.124839+00",2,575,683
684,"3SC1734","employee","Associate Business Analyst",True,NULL,"2026-04-13 10:55:11.372021+00","2026-04-13 11:15:07.130494+00",8,892,684
685,"3SC967","manager","Manager",True,NULL,"2026-04-13 10:55:11.528081+00","2026-04-13 11:15:07.136888+00",2,510,685
686,"PMC018","employee","Senior Executive",True,NULL,"2026-04-13 10:55:11.695813+00","2026-04-13 11:15:07.144491+00",2,766,686
687,"PMC008","employee","Driver",True,NULL,"2026-04-13 10:55:11.858391+00","2026-04-13 11:15:07.159453+00",12,553,687
688,"3SC890","manager","Manager",True,NULL,"2026-04-13 10:55:12.052476+00","2026-04-13 11:15:07.16838+00",2,510,688
689,"PMC482","employee","Executive",True,NULL,"2026-04-13 10:55:12.208238+00","2026-04-13 11:15:07.174028+00",2,912,689
690,"PMC480","employee","Executive",True,NULL,"2026-04-13 10:55:12.364189+00","2026-04-13 11:15:07.182603+00",2,575,690
691,"3SC874","employee","Executive",True,NULL,"2026-04-13 10:55:12.524726+00","2026-04-13 11:15:07.188646+00",3,561,691
692,"PMC501","employee","Executive",True,NULL,"2026-04-13 10:55:12.677935+00","2026-04-13 11:15:07.194253+00",2,799,692
693,"3SC1605","employee","Data Scientist",True,NULL,"2026-04-13 10:55:12.845412+00","2026-04-13 11:15:07.205657+00",6,531,693
694,"PMC021","employee","Supervisor",True,NULL,"2026-04-13 10:55:13.039569+00","2026-04-13 11:15:07.220196+00",2,856,694
695,"3SC1465","employee","SDE3",True,NULL,"2026-04-13 10:55:13.198651+00","2026-04-13 11:15:07.229957+00",6,798,695
696,"3SC1563","manager","Manager",True,NULL,"2026-04-13 10:55:13.354452+00","2026-04-13 11:15:07.239117+00",2,563,696
697,"PMC235","employee","Supervisor",True,NULL,"2026-04-13 10:55:13.515645+00","2026-04-13 11:15:07.249203+00",2,809,697
698,"3SC1702","employee","Senior Executive",True,NULL,"2026-04-13 10:55:13.669519+00","2026-04-13 11:15:07.261417+00",3,499,698
699,"3SC1795","employee","SDE1",True,NULL,"2026-04-13 10:55:13.828881+00","2026-04-13 11:15:07.274031+00",1,887,699
700,"3SC1541","employee","Senior Executive",True,NULL,"2026-04-13 10:55:14.053194+00","2026-04-13 11:15:07.288892+00",13,731,700
701,"3SC1656","manager","Manager - Delivery & CS",True,NULL,"2026-04-13 10:55:14.212089+00","2026-04-13 11:15:07.305928+00",8,863,701
702,"3SC1278","manager","Chief Product and Technology Officer",True,NULL,"2026-04-13 10:55:14.36955+00","2026-04-13 11:15:07.319407+00",9,842,702
703,"3SC1825","employee","Executive",True,NULL,"2026-04-13 10:55:14.523589+00","2026-04-13 11:15:07.344678+00",21,954,703
704,"PMC426","employee","Executive",True,NULL,"2026-04-13 10:55:14.679181+00","2026-04-13 11:15:07.371138+00",2,688,704
705,"PMC313","employee","Supervisor",True,NULL,"2026-04-13 10:55:14.833864+00","2026-04-13 11:15:07.406011+00",2,810,705
706,"3SC1159","manager","General Manager",True,NULL,"2026-04-13 10:55:14.99968+00","2026-04-13 11:15:07.436108+00",14,842,706
707,"3SC1613","employee","SDE1",True,NULL,"2026-04-13 10:55:15.162722+00","2026-04-13 11:15:07.446644+00",6,531,707
708,"3SC1458","employee","SDE2",True,NULL,"2026-04-13 10:55:15.319119+00","2026-04-13 11:15:07.455297+00",6,798,708
709,"3SC1779","employee","Executive Assistant",True,NULL,"2026-04-13 10:55:15.616405+00","2026-04-13 11:15:07.46731+00",20,842,709
710,"PMC360","employee","Executive",True,NULL,"2026-04-13 10:55:15.936221+00","2026-04-13 11:15:07.476757+00",2,822,710
711,"3SC1828","manager","Assistant Manager",True,NULL,"2026-04-13 10:55:16.296966+00","2026-04-13 11:15:07.489459+00",2,510,711
712,"3SC1783","employee","Executive",True,NULL,"2026-04-13 10:55:16.468599+00","2026-04-13 11:15:07.519539+00",3,572,712
713,"PMC378","employee","Executive",True,NULL,"2026-04-13 10:55:16.625999+00","2026-04-13 11:15:07.549982+00",2,696,713
714,"3SC1744","manager","Assistant Manager",True,NULL,"2026-04-13 10:55:16.803173+00","2026-04-13 11:15:07.558968+00",2,510,714
715,"3SCCTV002","employee","Consultant",True,NULL,"2026-04-13 10:55:16.960435+00","2026-04-13 11:15:07.56895+00",10,807,715
716,"3SC1564","employee","Assistant Manager",True,NULL,"2026-04-13 10:55:17.140922+00","2026-04-13 11:15:07.582929+00",14,874,716
717,"3SCI121","employee","Intern",True,NULL,"2026-04-13 10:55:17.354333+00","2026-04-13 11:15:07.59041+00",1,534,717
718,"3SC1487","manager","Sr. Growth Manager",True,NULL,"2026-04-13 10:55:17.63318+00","2026-04-13 11:15:07.60012+00",21,702,718
719,"3SC1730","employee","Associate Business Analyst",True,NULL,"2026-04-13 10:55:17.985614+00","2026-04-13 11:15:07.608861+00",8,701,719
720,"3SC1661","manager","Data Analyst",True,NULL,"2026-04-13 10:55:18.244667+00","2026-04-13 11:15:07.619747+00",8,701,720
721,"3SC1175","manager","Senior Manager",True,NULL,"2026-04-13 10:55:18.48731+00","2026-04-13 11:15:07.634258+00",14,706,721
722,"3SC1432","employee","SDE3",True,NULL,"2026-04-13 10:55:18.758084+00","2026-04-13 11:15:07.646587+00",1,656,722
723,"PMC476","manager","Senior Executive",True,NULL,"2026-04-13 10:55:19.024499+00","2026-04-13 11:15:07.656909+00",2,510,723
724,"3SC1330","manager","Manager",True,NULL,"2026-04-13 10:55:19.373443+00","2026-04-13 11:15:07.666763+00",14,706,724
725,"3SC1363","employee","Senior Executive",True,NULL,"2026-04-13 10:55:19.58882+00","2026-04-13 11:15:07.675943+00",15,880,725
726,"3SC1658","employee","Executive",True,NULL,"2026-04-13 10:55:19.748327+00","2026-04-13 11:15:07.684872+00",3,499,726
727,"3SC1826","employee","Executive",True,NULL,"2026-04-13 10:55:19.907097+00","2026-04-13 11:15:07.69471+00",3,499,727
728,"3SC1813","employee","Senior Executive",True,NULL,"2026-04-13 10:55:20.071053+00","2026-04-13 11:15:07.700936+00",3,487,728
729,"3SC1819","employee","Executive",True,NULL,"2026-04-13 10:55:20.232018+00","2026-04-13 11:15:07.708466+00",5,637,729
730,"PMC346","employee","SAP Operator",True,NULL,"2026-04-13 10:55:20.389883+00","2026-04-13 11:15:07.715847+00",2,600,730
731,"3SC598","manager","Manager",True,NULL,"2026-04-13 10:55:20.54712+00","2026-04-13 11:15:07.720817+00",13,807,731
732,"3SC897","employee","Executive",True,NULL,"2026-04-13 10:55:20.705386+00","2026-04-13 11:15:07.730307+00",3,561,732
733,"PMC462","employee","Executive",True,NULL,"2026-04-13 10:55:20.863396+00","2026-04-13 11:15:07.736827+00",3,572,733
734,"3SC1630","manager","Senior Executive",True,NULL,"2026-04-13 10:55:21.024727+00","2026-04-13 11:15:07.746285+00",3,487,734
735,"PMC497","employee","Executive",True,NULL,"2026-04-13 10:55:21.179804+00","2026-04-13 11:15:07.752342+00",2,810,735
736,"PMC377","employee","Executive",True,NULL,"2026-04-13 10:55:21.335224+00","2026-04-13 11:15:07.75993+00",3,499,736
737,"3SC1577","employee","Executive",True,NULL,"2026-04-13 10:55:21.494957+00","2026-04-13 11:15:07.765423+00",3,499,737
738,"3SC1392","employee","SDE1",True,NULL,"2026-04-13 10:55:21.652507+00","2026-04-13 11:15:07.771602+00",1,841,738
739,"3SC1543","employee","SDE1",True,NULL,"2026-04-13 10:55:21.812223+00","2026-04-13 11:15:07.778982+00",1,887,739
740,"PMC445","employee","Executive",True,NULL,"2026-04-13 10:55:21.969034+00","2026-04-13 11:15:07.78562+00",2,600,740
741,"3SC1581","employee","Senior Executive",True,NULL,"2026-04-13 10:55:22.123672+00","2026-04-13 11:15:07.795869+00",3,933,741
742,"3SC1792","employee","Senior Executive",True,NULL,"2026-04-13 10:55:22.285994+00","2026-04-13 11:15:07.803508+00",3,572,742
743,"3SC1384","employee","Senior Executive",True,NULL,"2026-04-13 10:55:22.448797+00","2026-04-13 11:15:07.811371+00",2,495,743
744,"3SC1146","employee","Assistant Manager",True,NULL,"2026-04-13 10:55:22.602699+00","2026-04-13 11:15:07.816089+00",13,815,744
745,"PMC043","employee","Executive",True,NULL,"2026-04-13 10:55:22.754382+00","2026-04-13 11:15:07.822972+00",3,780,745
746,"3SC1812","employee","Executive",True,NULL,"2026-04-13 10:55:22.914876+00","2026-04-13 11:15:07.827701+00",3,561,746
747,"3SC1516","employee","SDE2",True,NULL,"2026-04-13 10:55:23.073145+00","2026-04-13 11:15:07.832115+00",1,887,747
748,"3SC1752","employee","Manager",True,NULL,"2026-04-13 10:55:23.2401+00","2026-04-13 11:15:07.83811+00",22,862,748
749,"3SC1411","employee","Manager - Delivery & CS",True,NULL,"2026-04-13 10:55:23.395666+00","2026-04-13 11:15:07.846974+00",8,863,749
750,"PMC467","employee","Executive",True,NULL,"2026-04-13 10:55:23.554678+00","2026-04-13 11:15:07.851681+00",2,835,750
751,"3SC1855","employee","Senior Executive",True,NULL,"2026-04-13 10:55:23.85683+00","2026-04-13 11:15:07.858119+00",2,788,751
752,"PMC452","employee","Executive",True,NULL,"2026-04-13 10:55:24.0139+00","2026-04-13 11:15:07.865481+00",3,570,752
753,"PMC415","employee","Office Boy",True,NULL,"2026-04-13 10:55:24.169936+00","2026-04-13 11:15:07.971354+00",12,553,753
754,"3SC1604","employee","SDE2",True,NULL,"2026-04-13 10:55:24.325613+00","2026-04-13 11:15:08.004864+00",1,656,754
755,"3SC1711","employee","Senior Executive",True,NULL,"2026-04-13 10:55:24.483551+00","2026-04-13 11:15:08.011922+00",3,572,755
756,"PMC498","employee","Executive",True,NULL,"2026-04-13 10:55:24.64012+00","2026-04-13 11:15:08.018902+00",2,827,756
757,"PMC056","employee","MIS Executive",True,NULL,"2026-04-13 10:55:24.862534+00","2026-04-13 11:15:08.027213+00",2,835,757
758,"3SC1690","employee","Senior Executive",True,NULL,"2026-04-13 10:55:25.025356+00","2026-04-13 11:15:08.035074+00",3,499,758
759,"3SC1754","employee","Executive",True,NULL,"2026-04-13 10:55:25.180954+00","2026-04-13 11:15:08.043842+00",3,933,759
760,"3SC1317","employee","Senior Data Scientist",True,NULL,"2026-04-13 10:55:25.350706+00","2026-04-13 11:15:08.050464+00",6,505,760
761,"3SC1788","employee","SDE2",True,NULL,"2026-04-13 10:55:25.520123+00","2026-04-13 11:15:08.059956+00",1,841,761
762,"3SC754","manager","Deputy Manager",True,NULL,"2026-04-13 10:55:25.676148+00","2026-04-13 11:15:08.069551+00",14,721,762
763,"PMC244","employee","Supervisor",True,NULL,"2026-04-13 10:55:25.83369+00","2026-04-13 11:15:08.07931+00",2,809,763
764,"3SC1765","employee","Senior Executive",True,NULL,"2026-04-13 10:55:25.991053+00","2026-04-13 11:15:08.089423+00",3,933,764
765,"PMC064","employee","MIS Executive",True,NULL,"2026-04-13 10:55:26.147636+00","2026-04-13 11:15:08.097901+00",2,766,765
766,"3SC097","manager","Assistant Manager",True,NULL,"2026-04-13 10:55:26.305876+00","2026-04-13 11:15:08.105397+00",2,667,766
767,"3SC1322","employee","Senior Executive",True,NULL,"2026-04-13 10:55:26.462757+00","2026-04-13 11:15:08.111652+00",14,874,767
768,"3SC1831","employee","Business Analyst",True,NULL,"2026-04-13 10:55:26.622728+00","2026-04-13 11:15:08.119058+00",7,571,768
769,"3SC1735","employee","Associate Business Analyst",True,NULL,"2026-04-13 10:55:26.782862+00","2026-04-13 11:15:08.125495+00",9,578,769
770,"3SC1772","employee","Executive",True,NULL,"2026-04-13 10:55:26.935919+00","2026-04-13 11:15:08.13411+00",21,718,770
771,"3SC1837","employee","Executive",True,NULL,"2026-04-13 10:55:27.089271+00","2026-04-13 11:15:08.142193+00",3,572,771
772,"PMC375","employee","Executive",True,NULL,"2026-04-13 10:55:27.246761+00","2026-04-13 11:15:08.150381+00",2,696,772
773,"3SC1580","manager","Associate Director",True,NULL,"2026-04-13 10:55:27.404604+00","2026-04-13 11:15:08.157145+00",13,807,773
774,"3SC1389","employee","SDE1",True,NULL,"2026-04-13 10:55:27.708798+00","2026-04-13 11:15:08.162549+00",1,841,774
775,"3SC1710","employee","Data Scientist",True,NULL,"2026-04-13 10:55:27.996598+00","2026-04-13 11:15:08.168917+00",6,531,775
776,"3SC1848","employee","Executive",True,NULL,"2026-04-13 10:55:28.198437+00","2026-04-13 11:15:08.174655+00",3,499,776
777,"PMC419","employee","Executive",True,NULL,"2026-04-13 10:55:28.352349+00","2026-04-13 11:15:08.180897+00",2,901,777
778,"3SC1370","employee","Product Designer",True,NULL,"2026-04-13 10:55:28.522464+00","2026-04-13 11:15:08.187208+00",9,489,778
779,"PMC255","employee","Supervisor",True,NULL,"2026-04-13 10:55:28.678937+00","2026-04-13 11:15:08.193503+00",2,809,779
780,"3SC1721","manager","Assistant Manager",True,NULL,"2026-04-13 10:55:28.838841+00","2026-04-13 11:15:08.200642+00",3,499,780
781,"3SC1750","employee","Executive",True,NULL,"2026-04-13 10:55:28.997243+00","2026-04-13 11:15:08.207012+00",3,499,781
782,"PMC144","employee","MIS Executive",True,NULL,"2026-04-13 10:55:29.153392+00","2026-04-13 11:15:08.212135+00",2,766,782
783,"3SC1178","employee","Executive",True,NULL,"2026-04-13 10:55:29.311251+00","2026-04-13 11:15:08.221132+00",3,879,783
784,"PMC252","employee","Executive",True,NULL,"2026-04-13 10:55:29.467533+00","2026-04-13 11:15:08.225935+00",2,809,784
785,"PMC025","employee","Supervisor",True,NULL,"2026-04-13 10:55:29.6254+00","2026-04-13 11:15:08.231419+00",2,595,785
786,"PMC496","employee","Executive",True,NULL,"2026-04-13 10:55:29.780228+00","2026-04-13 11:15:08.240157+00",2,788,786
787,"3SCIU014","employee","Intern",True,NULL,"2026-04-13 10:55:29.939423+00","2026-04-13 11:15:08.247028+00",1,841,787
788,"3SC1347","manager","Manager",True,NULL,"2026-04-13 10:55:30.107534+00","2026-04-13 11:15:08.252393+00",2,563,788
789,"3SC1762","employee","Assistant Manager",True,NULL,"2026-04-13 10:55:30.262314+00","2026-04-13 11:15:08.257297+00",3,572,789
790,"PMC161","employee","Executive",True,NULL,"2026-04-13 10:55:30.417909+00","2026-04-13 11:15:08.263318+00",2,600,790
791,"3SC1409","employee","Senior Executive",True,NULL,"2026-04-13 10:55:30.574005+00","2026-04-13 11:15:08.269455+00",2,766,791
792,"PMC385","employee","Office Boy",True,NULL,"2026-04-13 10:55:30.728085+00","2026-04-13 11:15:08.276543+00",12,553,792
793,"PMC369","employee","Executive",True,NULL,"2026-04-13 10:55:30.883406+00","2026-04-13 11:15:08.282134+00",2,856,793
794,"3SC1299","employee","Senior Executive",True,NULL,"2026-04-13 10:55:31.044702+00","2026-04-13 11:15:08.287743+00",2,859,794
795,"3SC993","employee","Assistant Manager",True,NULL,"2026-04-13 10:55:31.215253+00","2026-04-13 11:15:08.292393+00",13,640,795
796,"PMC362","employee","Senior Executive",True,NULL,"2026-04-13 10:55:31.368673+00","2026-04-13 11:15:08.297363+00",2,822,796
797,"PMC253","employee","Executive",True,NULL,"2026-04-13 10:55:31.547824+00","2026-04-13 11:15:08.302442+00",2,809,797
798,"3SC1712","manager","Director",True,NULL,"2026-04-13 10:55:31.710824+00","2026-04-13 11:15:08.307263+00",6,702,798
799,"3SC716","manager","Manager",True,NULL,"2026-04-13 10:55:31.87147+00","2026-04-13 11:15:08.312199+00",2,510,799
800,"3SC1531","employee","SDET1",True,NULL,"2026-04-13 10:55:32.028496+00","2026-04-13 11:15:08.319034+00",1,656,800
801,"3SC709","manager","Manager",True,NULL,"2026-04-13 10:55:32.186746+00","2026-04-13 11:15:08.324132+00",2,510,801
802,"PMC322","employee","Senior Executive",True,NULL,"2026-04-13 10:55:32.355194+00","2026-04-13 11:15:08.328791+00",2,788,802
803,"PMC282","employee","Executive",True,NULL,"2026-04-13 10:55:32.510244+00","2026-04-13 11:15:08.333385+00",2,714,803
804,"3SC1715","employee","Senior Executive",True,NULL,"2026-04-13 10:55:32.667923+00","2026-04-13 11:15:08.339607+00",3,572,804
805,"PMC042","employee","MIS Executive",True,NULL,"2026-04-13 10:55:32.819021+00","2026-04-13 11:15:08.344113+00",2,766,805
806,"PMC432","employee","Executive",True,NULL,"2026-04-13 10:55:32.975907+00","2026-04-13 11:15:08.366594+00",2,809,806
807,"3SC1379","manager","Vice President",True,NULL,"2026-04-13 10:55:33.134281+00","2026-04-13 11:15:08.371168+00",13,842,807
808,"3SC1660","employee","Assistant Manager",True,NULL,"2026-04-13 10:55:33.290061+00","2026-04-13 11:15:08.375303+00",13,807,808
809,"3SC1138","manager","Manager",True,NULL,"2026-04-13 10:55:33.444906+00","2026-04-13 11:15:08.381664+00",2,667,809
810,"3SC1816","manager","Assistant Manager",True,NULL,"2026-04-13 10:55:33.602547+00","2026-04-13 11:15:08.385664+00",2,510,810
811,"3SC1852","employee","Executive",True,NULL,"2026-04-13 10:55:33.81462+00","2026-04-13 11:15:08.390162+00",3,572,811
812,"PMC506","employee","Executive",True,NULL,"2026-04-13 10:55:33.974746+00","2026-04-13 11:15:08.438419+00",2,688,812
813,"3SC1572","employee","SDE3",True,NULL,"2026-04-13 10:55:34.132065+00","2026-04-13 11:15:08.468854+00",1,656,813
814,"PMC354","employee","Supervisor",True,NULL,"2026-04-13 10:55:34.286655+00","2026-04-13 11:15:08.475878+00",2,946,814
815,"3SC1300","manager","Senior Manager",True,NULL,"2026-04-13 10:55:34.445287+00","2026-04-13 11:15:08.481211+00",13,773,815
816,"PMC317","employee","Senior Executive",True,NULL,"2026-04-13 10:55:34.647495+00","2026-04-13 11:15:08.488293+00",2,788,816
817,"3SC525","manager","Manager",True,NULL,"2026-04-13 10:55:34.806442+00","2026-04-13 11:15:08.494238+00",3,487,817
818,"PMC398","employee","Senior Executive",True,NULL,"2026-04-13 10:55:34.967136+00","2026-04-13 11:15:08.498644+00",4,524,818
819,"3SC1738","employee","Manager",True,NULL,"2026-04-13 10:55:35.117044+00","2026-04-13 11:15:08.503484+00",4,510,819
820,"3SC1845","employee","Executive",True,NULL,"2026-04-13 10:55:35.276887+00","2026-04-13 11:15:08.507773+00",14,837,820
821,"PMC403","employee","Senior Executive",True,NULL,"2026-04-13 10:55:35.430608+00","2026-04-13 11:15:08.511945+00",2,827,821
822,"3SC1723","manager","Assistant Manager",True,NULL,"2026-04-13 10:55:35.594951+00","2026-04-13 11:15:08.516648+00",2,487,822
823,"PMC342","employee","Supervisor",True,NULL,"2026-04-13 10:55:35.770343+00","2026-04-13 11:15:08.521142+00",2,827,823
824,"PMC236","employee","SAP Operator",True,NULL,"2026-04-13 10:55:35.935822+00","2026-04-13 11:15:08.530797+00",2,766,824
825,"3SC940","employee","Senior Executive",True,NULL,"2026-04-13 10:55:36.088596+00","2026-04-13 11:15:08.540287+00",3,817,825
826,"3SC1676","employee","Senior Executive",True,NULL,"2026-04-13 10:55:36.256236+00","2026-04-13 11:15:08.546084+00",3,572,826
827,"3SC1429","manager","Senior Manager",True,NULL,"2026-04-13 10:55:36.413609+00","2026-04-13 11:15:08.553237+00",2,563,827
828,"3SC1265","employee","Assistant Manager",True,NULL,"2026-04-13 10:55:36.565958+00","2026-04-13 11:15:08.559798+00",3,572,828
829,"PMC429","employee","Executive",True,NULL,"2026-04-13 10:55:36.726041+00","2026-04-13 11:15:08.567752+00",2,688,829
830,"3SC1598","employee","Data Scientist",True,NULL,"2026-04-13 10:55:36.906296+00","2026-04-13 11:15:08.572891+00",6,531,830
831,"3SC1659","employee","Senior Executive",True,NULL,"2026-04-13 10:55:37.066344+00","2026-04-13 11:15:08.580736+00",3,933,831
832,"3SC1574","manager","Product Manager",True,NULL,"2026-04-13 10:55:37.223319+00","2026-04-13 11:15:08.586609+00",16,702,832
833,"PMC162","employee","Executive",True,NULL,"2026-04-13 10:55:37.378722+00","2026-04-13 11:15:08.594355+00",2,688,833
834,"PMC183","employee","MIS Executive",True,NULL,"2026-04-13 10:55:37.597358+00","2026-04-13 11:15:08.59845+00",2,956,834
835,"PMC037","manager","Senior Executive",True,NULL,"2026-04-13 10:55:37.848368+00","2026-04-13 11:15:08.602037+00",2,788,835
836,"3SC1062","manager","Senior Manager",True,NULL,"2026-04-13 10:55:38.012748+00","2026-04-13 11:15:08.60631+00",4,510,836
837,"3SC1459","manager","Senior Manager",True,NULL,"2026-04-13 10:55:38.172232+00","2026-04-13 11:15:08.610873+00",14,706,837
838,"PMC478","employee","Executive",True,NULL,"2026-04-13 10:55:38.327765+00","2026-04-13 11:15:08.61882+00",2,714,838
839,"PMC069","employee","Supervisor",True,NULL,"2026-04-13 10:55:38.485535+00","2026-04-13 11:15:08.625266+00",2,688,839
840,"3SC1850","employee","Assistant Manager",True,NULL,"2026-04-13 10:55:38.683201+00","2026-04-13 11:15:08.629843+00",5,862,840
841,"3SC1332","manager","Senior Engineering Manager",True,NULL,"2026-04-13 10:55:38.857972+00","2026-04-13 11:15:08.634076+00",1,489,841
842,"3SC085","manager","Co-Founder & COO",True,NULL,"2026-04-13 10:55:39.054538+00","2026-04-13 11:15:08.63752+00",23,842,842
843,"PMC499","employee","Senior Executive",True,NULL,"2026-04-13 10:55:39.356112+00","2026-04-13 11:15:08.64296+00",3,570,843
844,"3SC1808","employee","Senior Executive",True,NULL,"2026-04-13 10:55:39.549835+00","2026-04-13 11:15:08.647958+00",3,572,844
845,"3SC1777","employee","Senior Executive",True,NULL,"2026-04-13 10:55:39.711651+00","2026-04-13 11:15:08.651331+00",3,629,845
846,"3SC1770","employee","Senior Consultant",True,NULL,"2026-04-13 10:55:39.863507+00","2026-04-13 11:15:08.655917+00",8,863,846
847,"PMC324","employee","Supervisor",True,NULL,"2026-04-13 10:55:40.151949+00","2026-04-13 11:15:08.662089+00",2,575,847
848,"3SC1782","employee","Executive",True,NULL,"2026-04-13 10:55:40.358418+00","2026-04-13 11:15:08.665809+00",3,933,848
849,"3SC783","employee","Assistant Manager",True,NULL,"2026-04-13 10:55:40.513253+00","2026-04-13 11:15:08.670132+00",2,495,849
850,"PMC365","employee","Executive",True,NULL,"2026-04-13 10:55:40.671393+00","2026-04-13 11:15:08.677671+00",3,734,850
851,"PMC275","employee","Executive",True,NULL,"2026-04-13 10:55:40.858347+00","2026-04-13 11:15:08.68328+00",19,956,851
852,"3SC1601","employee","Senior Executive",True,NULL,"2026-04-13 10:55:41.01641+00","2026-04-13 11:15:08.689636+00",3,933,852
853,"PMC047","employee","Warehouse Incharge",True,NULL,"2026-04-13 10:55:41.172316+00","2026-04-13 11:15:08.696705+00",2,912,853
854,"3SC994","employee","Senior Executive",True,NULL,"2026-04-13 10:55:41.330099+00","2026-04-13 11:15:08.703076+00",13,731,854
855,"3SC1657","employee","Senior Executive",True,NULL,"2026-04-13 10:55:41.486695+00","2026-04-13 11:15:08.709082+00",4,510,855
856,"PMC054","manager","Warehouse Incharge",True,NULL,"2026-04-13 10:55:41.643364+00","2026-04-13 11:15:08.716364+00",2,827,856
857,"PMC468","employee","Executive",True,NULL,"2026-04-13 10:55:41.797666+00","2026-04-13 11:15:08.724241+00",2,644,857
858,"PMC327","employee","Senior Executive",True,NULL,"2026-04-13 10:55:41.9536+00","2026-04-13 11:15:08.729441+00",24,731,858
859,"3SC804","manager","Manager",True,NULL,"2026-04-13 10:55:42.110806+00","2026-04-13 11:15:08.734073+00",2,827,859
860,"3SC1815","employee","SDET1",True,NULL,"2026-04-13 10:55:42.27287+00","2026-04-13 11:15:08.739456+00",1,656,860
861,"3SC1566","employee","Senior Executive",True,NULL,"2026-04-13 10:55:42.491807+00","2026-04-13 11:15:08.74522+00",3,572,861
862,"3SC1448","manager","Senior Manager",True,NULL,"2026-04-13 10:55:42.667472+00","2026-04-13 11:15:08.754229+00",5,702,862
863,"3SC1491","manager","Director",True,NULL,"2026-04-13 10:55:42.829338+00","2026-04-13 11:15:08.762752+00",8,842,863
864,"3SC1021","employee","Deputy General Manager",True,NULL,"2026-04-13 10:55:42.982892+00","2026-04-13 11:15:08.769695+00",7,611,864
865,"3SC1841","employee","Executive",True,NULL,"2026-04-13 10:55:43.140261+00","2026-04-13 11:15:08.787138+00",3,572,865
866,"PMC315","employee","Supervisor",True,NULL,"2026-04-13 10:55:43.296585+00","2026-04-13 11:15:08.806576+00",2,688,866
867,"PMC491","employee","Executive",True,NULL,"2026-04-13 10:55:43.453085+00","2026-04-13 11:15:08.825026+00",2,827,867
868,"3SCIU013","employee","Intern",True,NULL,"2026-04-13 10:55:43.612997+00","2026-04-13 11:15:08.834928+00",10,653,868
869,"3SC1704","employee","Senior Executive",True,NULL,"2026-04-13 10:55:43.771928+00","2026-04-13 11:15:08.846138+00",3,572,869
870,"3SC1402","employee","Principal Data Scientist",True,NULL,"2026-04-13 10:55:43.933175+00","2026-04-13 11:15:08.850948+00",6,531,870
871,"PMC486","employee","Executive",True,NULL,"2026-04-13 10:55:44.091661+00","2026-04-13 11:15:08.857162+00",2,827,871
872,"3SC1799","employee","SDET1",True,NULL,"2026-04-13 10:55:44.24841+00","2026-04-13 11:15:08.863597+00",1,887,872
873,"3SC1319","employee","Assistant Manager",True,NULL,"2026-04-13 10:55:44.404555+00","2026-04-13 11:15:08.871214+00",14,837,873
874,"3SC1500","manager","Senior Manager",True,NULL,"2026-04-13 10:55:44.561071+00","2026-04-13 11:15:08.878877+00",14,706,874
875,"3SC1853","employee","Executive",True,NULL,"2026-04-13 10:55:44.716922+00","2026-04-13 11:15:08.887104+00",3,572,875
876,"3SC1743","employee","Consultant",True,NULL,"2026-04-13 10:55:44.878904+00","2026-04-13 11:15:08.897647+00",8,863,876
877,"PMC294","employee","MIS Executive",True,NULL,"2026-04-13 10:55:45.040425+00","2026-04-13 11:15:08.90893+00",2,688,877
878,"3SC629","employee","Deputy General Manager",True,NULL,"2026-04-13 10:55:45.195816+00","2026-04-13 11:15:08.916538+00",13,773,878
879,"3SC134","manager","Business Analyst",True,NULL,"2026-04-13 10:55:45.354256+00","2026-04-13 11:15:08.930895+00",3,487,879
880,"3SC1477","manager","Senior Manager",True,NULL,"2026-04-13 10:55:45.511292+00","2026-04-13 11:15:08.946669+00",15,807,880
881,"3SC1607","employee","Assistant Manager",True,NULL,"2026-04-13 10:55:45.755658+00","2026-04-13 11:15:08.959193+00",3,817,881
882,"3SC1821","employee","Senior Executive",True,NULL,"2026-04-13 10:55:45.913514+00","2026-04-13 11:15:08.973945+00",5,637,882
883,"PMC364","employee","Executive",True,NULL,"2026-04-13 10:55:46.071805+00","2026-04-13 11:15:08.988006+00",2,912,883
884,"PMC357","employee","MIS Executive",True,NULL,"2026-04-13 10:55:46.230156+00","2026-04-13 11:15:09.003852+00",2,912,884
885,"3SC1637","employee","Assistant Manager",True,NULL,"2026-04-13 10:55:46.388259+00","2026-04-13 11:15:09.017788+00",3,572,885
886,"PMC372","employee","Executive",True,NULL,"2026-04-13 10:55:46.543839+00","2026-04-13 11:15:09.030764+00",2,696,886
887,"3SC1348","manager","Engineering Manager",True,NULL,"2026-04-13 10:55:46.701067+00","2026-04-13 11:15:09.048106+00",1,489,887
888,"3SC1518","manager","Assistant Manager",True,NULL,"2026-04-13 10:55:46.871917+00","2026-04-13 11:15:09.060742+00",21,718,888
889,"PMC049","employee","Warehouse Incharge",True,NULL,"2026-04-13 10:55:47.05785+00","2026-04-13 11:15:09.073282+00",2,799,889
890,"3SC1318","employee","Data Scientist",True,NULL,"2026-04-13 10:55:47.217394+00","2026-04-13 11:15:09.083012+00",6,505,890
891,"3SC1488","employee","SDE2",True,NULL,"2026-04-13 10:55:47.371473+00","2026-04-13 11:15:09.09765+00",1,656,891
892,"3SC1312","manager","Lead Solution Consultant",True,NULL,"2026-04-13 10:55:47.529881+00","2026-04-13 11:15:09.109389+00",8,863,892
893,"PMC479","employee","Executive",True,NULL,"2026-04-13 10:55:47.684073+00","2026-04-13 11:15:09.116695+00",3,499,893
894,"3SC879","employee","Senior Executive",True,NULL,"2026-04-13 10:55:47.837861+00","2026-04-13 11:15:09.124603+00",2,600,894
895,"PMC081","employee","Supervisor",True,NULL,"2026-04-13 10:55:48.009171+00","2026-04-13 11:15:09.132132+00",2,600,895
896,"3SC1789","employee","Assistant Manager",True,NULL,"2026-04-13 10:55:48.167996+00","2026-04-13 11:15:09.14369+00",3,487,896
897,"3SC1011","employee","Senior Executive",True,NULL,"2026-04-13 10:55:48.323037+00","2026-04-13 11:15:09.154732+00",2,799,897
898,"3SC1670","employee","Senior Executive",True,NULL,"2026-04-13 10:55:48.543438+00","2026-04-13 11:15:09.166414+00",3,572,898
899,"3SC1407","manager","Senior Manager",True,NULL,"2026-04-13 10:55:48.701185+00","2026-04-13 11:15:09.178428+00",13,773,899
900,"PMC343","employee","Supervisor",True,NULL,"2026-04-13 10:55:48.858416+00","2026-04-13 11:15:09.192586+00",2,912,900
901,"3SC1399","manager","Senior Executive",True,NULL,"2026-04-13 10:55:49.015471+00","2026-04-13 11:15:09.206241+00",2,510,901
902,"PMC237","employee","SAP Operator",True,NULL,"2026-04-13 10:55:49.170324+00","2026-04-13 11:15:09.214243+00",2,766,902
903,"PMC470","employee","Executive",True,NULL,"2026-04-13 10:55:49.338977+00","2026-04-13 11:15:09.222923+00",2,788,903
904,"3SC1817","employee","Executive",True,NULL,"2026-04-13 10:55:49.49895+00","2026-04-13 11:15:09.229762+00",3,572,904
905,"PMC082","employee","SAP Operator",True,NULL,"2026-04-13 10:55:49.656015+00","2026-04-13 11:15:09.237286+00",2,600,905
906,"3SC1316","employee","SDE2",True,NULL,"2026-04-13 10:55:49.813975+00","2026-04-13 11:15:09.243699+00",1,887,906
907,"PMC323","employee","Executive",True,NULL,"2026-04-13 10:55:49.970586+00","2026-04-13 11:15:09.251879+00",2,827,907
908,"3SC873","employee","Senior Executive",True,NULL,"2026-04-13 10:55:50.145312+00","2026-04-13 11:15:09.257328+00",3,561,908
909,"3SC1818","employee","Assistant Manager",True,NULL,"2026-04-13 10:55:50.30837+00","2026-04-13 11:15:09.263413+00",3,572,909
910,"3SCI123","employee","Intern",True,NULL,"2026-04-13 10:55:50.468798+00","2026-04-13 11:15:09.269671+00",21,888,910
911,"PMC329","employee","Supervisor",True,NULL,"2026-04-13 10:55:50.625822+00","2026-04-13 11:15:09.275653+00",2,600,911
912,"PMC344","manager","Senior Executive",True,NULL,"2026-04-13 10:55:50.836601+00","2026-04-13 11:15:09.283182+00",2,510,912
913,"3SC1829","employee","Executive",True,NULL,"2026-04-13 10:55:51.008458+00","2026-04-13 11:15:09.291419+00",3,629,913
914,"3SC1761","employee","SDET1",True,NULL,"2026-04-13 10:55:51.165066+00","2026-04-13 11:15:09.297871+00",1,887,914
915,"3SC1844","employee","Executive",True,NULL,"2026-04-13 10:55:51.324583+00","2026-04-13 11:15:09.306355+00",3,572,915
916,"3SC872","employee","Executive",True,NULL,"2026-04-13 10:55:51.484771+00","2026-04-13 11:15:09.313766+00",3,561,916
917,"PMC505","employee","Executive",True,NULL,"2026-04-13 10:55:51.64054+00","2026-04-13 11:15:09.321221+00",2,810,917
918,"PMC325","employee","Office Boy",True,NULL,"2026-04-13 10:55:51.79774+00","2026-04-13 11:15:09.346168+00",12,553,918
919,"3SCI119","employee","Intern",True,NULL,"2026-04-13 10:55:51.955102+00","2026-04-13 11:15:09.354607+00",3,570,919
920,"PMC507","employee","Executive",True,NULL,"2026-04-13 10:55:52.113462+00","2026-04-13 11:15:09.36164+00",2,688,920
921,"3SC1682","employee","Senior Data Analyst",True,NULL,"2026-04-13 10:55:52.274002+00","2026-04-13 11:15:09.367331+00",8,720,921
922,"3SC1187","employee","Senior Executive",True,NULL,"2026-04-13 10:55:52.431835+00","2026-04-13 11:15:09.371388+00",15,880,922
923,"3SC1684","employee","Data Analyst",True,NULL,"2026-04-13 10:55:52.830828+00","2026-04-13 11:15:09.375309+00",8,720,923
924,"PMC436","employee","Executive",True,NULL,"2026-04-13 10:55:53.005671+00","2026-04-13 11:15:09.380969+00",3,499,924
925,"3SC1751","employee","Senior Consultant",True,NULL,"2026-04-13 10:55:53.189146+00","2026-04-13 11:15:09.385683+00",7,571,925
926,"3SC1623","employee","Data Scientist",True,NULL,"2026-04-13 10:55:53.373722+00","2026-04-13 11:15:09.38988+00",6,531,926
927,"PMC490","employee","Executive",True,NULL,"2026-04-13 10:55:53.530054+00","2026-04-13 11:15:09.394678+00",2,827,927
928,"3SC1213","employee","SDE1",True,NULL,"2026-04-13 10:55:53.694911+00","2026-04-13 11:15:09.398966+00",1,841,928
929,"3SC1603","manager","Deputy Manager",True,NULL,"2026-04-13 10:55:53.879501+00","2026-04-13 11:15:09.403312+00",3,487,929
930,"3SC1716","employee","Consultant",True,NULL,"2026-04-13 10:55:54.074891+00","2026-04-13 11:15:09.408564+00",7,571,930
931,"3SC1835","employee","Assistant Manager",True,NULL,"2026-04-13 10:55:54.382567+00","2026-04-13 11:15:09.413961+00",3,929,931
932,"PMC374","employee","Executive",True,NULL,"2026-04-13 10:55:54.636893+00","2026-04-13 11:15:09.419981+00",2,696,932
933,"3SC1181","manager","Assistant Manager",True,NULL,"2026-04-13 10:55:54.864795+00","2026-04-13 11:15:09.424036+00",3,487,933
934,"3SC1843","employee","Senior Consultant",True,NULL,"2026-04-13 10:55:55.086408+00","2026-04-13 11:15:09.430018+00",7,571,934
935,"PMC489","employee","Executive",True,NULL,"2026-04-13 10:55:55.297338+00","2026-04-13 11:15:09.435334+00",2,810,935
936,"3SC1625","employee","Data Analyst",True,NULL,"2026-04-13 10:55:55.457709+00","2026-04-13 11:15:09.439297+00",8,720,936
937,"3SC487","employee","Senior Executive",True,NULL,"2026-04-13 10:55:55.612968+00","2026-04-13 11:15:09.444795+00",3,817,937
938,"PMC458","employee","Executive",True,NULL,"2026-04-13 10:55:55.770075+00","2026-04-13 11:15:09.449679+00",2,595,938
939,"PMC035","employee","MIS Executive",True,NULL,"2026-04-13 10:55:55.929299+00","2026-04-13 11:15:09.453636+00",2,766,939
940,"PMC238","employee","Supervisor",True,NULL,"2026-04-13 10:55:56.088766+00","2026-04-13 11:15:09.459329+00",2,809,940
941,"PMC359","employee","Floor InCharge",True,NULL,"2026-04-13 10:55:56.265185+00","2026-04-13 11:15:09.465727+00",2,827,941
942,"PMC473","employee","Executive",True,NULL,"2026-04-13 10:55:56.424749+00","2026-04-13 11:15:09.470701+00",2,644,942
943,"3SC1618","manager","Manager",True,NULL,"2026-04-13 10:55:56.579414+00","2026-04-13 11:15:09.475751+00",2,510,943
944,"PMC376","employee","Executive",True,NULL,"2026-04-13 10:55:56.738515+00","2026-04-13 11:15:09.480628+00",2,696,944
945,"3SC1810","employee","Assistant Manager",True,NULL,"2026-04-13 10:55:56.901812+00","2026-04-13 11:15:09.484622+00",2,510,945
946,"3SC1033","manager","Senior Executive",True,NULL,"2026-04-13 10:55:57.060455+00","2026-04-13 11:15:09.48954+00",2,827,946
947,"3SC1668","employee","Executive",True,NULL,"2026-04-13 10:55:57.218609+00","2026-04-13 11:15:09.494889+00",3,734,947
948,"PMC223","employee","Executive",True,NULL,"2026-04-13 10:55:57.375658+00","2026-04-13 11:15:09.500076+00",2,956,948
949,"3SC1832","employee","Senior Consultant",True,NULL,"2026-04-13 10:55:57.534511+00","2026-04-13 11:15:09.504235+00",7,571,949
950,"3SC1490","employee","Project Manager",True,NULL,"2026-04-13 10:55:57.691459+00","2026-04-13 11:15:09.509165+00",1,489,950
951,"3SC1781","employee","Senior Executive",True,NULL,"2026-04-13 10:55:57.849678+00","2026-04-13 11:15:09.514758+00",3,572,951
952,"3SC1685","employee","Business Analyst",True,NULL,"2026-04-13 10:55:58.044052+00","2026-04-13 11:15:09.518756+00",3,629,952
953,"3SC1804","employee","SDE1",True,NULL,"2026-04-13 10:55:58.200759+00","2026-04-13 11:15:09.52596+00",1,887,953
954,"3SC1639","manager","Assistant Manager",True,NULL,"2026-04-13 10:55:58.358432+00","2026-04-13 11:15:09.530538+00",21,718,954
955,"PMC383","employee","Senior Executive",True,NULL,"2026-04-13 10:55:58.513331+00","2026-04-13 11:15:09.535113+00",2,788,955
956,"3SC1176","manager","Senior Manager",True,NULL,"2026-04-13 10:55:58.681838+00","2026-04-13 11:15:09.539908+00",4,510,956
